start_date	filter_id
2025-05-27T22:00:00+00:00	bef3d15c-f93c-409f-9f59-92e01d3a639f
2025-05-27T23:00:00+00:00	3682adcc-4af4-4e5c-bc1b-6c97854b0394
2025-05-28T00:00:00+00:00	486f83fd-d230-4201-824f-dccf9e53d034
2025-05-28T01:00:00+00:00	ecd7910b-f63c-49f1-8dff-20ee531cdbe8
2025-05-28T02:00:00+00:00	44c9eba1-4b9c-4216-b145-5c693277a09c
2025-05-28T03:00:00+00:00	0b3dcf7e-0cee-4cca-9f78-9822ed67f95e
2025-05-28T04:00:00+00:00	01b55861-7d0c-4e1d-bf25-481b424a4a96
2025-05-28T05:00:00+00:00	463d4366-7092-45a7-8caa-d1077bb4e09c
2025-05-28T06:00:00+00:00	0f7ab148-b253-493f-82a4-9e1495d7862e
2025-05-28T07:00:00+00:00	79840741-f6bb-4523-8021-0eed4b923c61
2025-05-28T08:00:00+00:00	e9c79332-b66e-4722-aef0-9306d80ba5cd
2025-05-28T09:00:00+00:00	ee970ec1-b97a-4b64-8bd6-c037fa6a2a57
2025-05-28T10:00:00+00:00	f60a2359-3f99-4697-8b95-005e5204c93f
2025-05-28T11:00:00+00:00	aba9ee63-95e4-48f4-92af-335b0daf23f3
2025-05-28T12:00:00+00:00	8871c4ae-c0df-4254-b592-60fc52450717
2025-05-28T13:00:00+00:00	3da81aa8-ce05-46c2-96f6-9d28f87a9bb6
2025-05-28T14:00:00+00:00	93cbca55-a12d-4d95-a141-158af919e5c5
2025-05-28T15:00:00+00:00	9e524e42-e5e1-46ef-8ad0-d62d3015a404
2025-05-28T16:00:00+00:00	4a22c98c-0fa4-4f60-bdb1-082a326b074f
2025-05-28T17:00:00+00:00	cc129cf9-dbe5-4276-905a-70f7f58e16ec
2025-05-28T18:00:00+00:00	388e7eab-f171-403d-89ba-00cc836e6267
2025-05-28T19:00:00+00:00	86bd15b0-85e5-4d28-829c-7df84fa89964
2025-05-28T20:00:00+00:00	89f22bf9-8938-48f0-b5b6-5fcaf3feafa7
2025-05-28T21:00:00+00:00	13429e97-bd5b-4219-8f92-d5de1ff34d23
2025-05-28T22:00:00+00:00	150f7eec-1bdd-477c-8563-462422208758
2025-05-28T23:00:00+00:00	70b6edbf-c9b0-4d38-af6f-0605d697c457
2025-05-29T00:00:00+00:00	79da7b5e-507c-4566-92e1-623e6d43f43d
2025-05-29T01:00:00+00:00	6dd2439a-ba95-411d-8e3f-dbd035f20427
2025-05-29T02:00:00+00:00	d6380613-fc9e-45d1-ac26-c521ab78470a
2025-05-29T03:00:00+00:00	03effa08-d7c8-43d0-bdf1-cf059e88147e
2025-05-29T04:00:00+00:00	efb44a00-a7aa-44c7-aa67-0145a616fc47
2025-05-29T05:00:00+00:00	ed4148c6-cb20-4f60-b453-ae9030ca194a
2025-05-29T06:00:00+00:00	abea84c9-b1b5-4262-836c-60a7d2687650
2025-05-29T07:00:00+00:00	f940700d-be23-412b-bbd5-2d2adbe15ad8
2025-05-29T08:00:00+00:00	88d5a79c-2e90-4287-b81f-3bfde91c282f
2025-05-29T09:00:00+00:00	c40d726d-e4ca-4b54-bf86-5530dbeeb9f1
2025-05-29T10:00:00+00:00	2d16afa7-fd48-4735-a942-79f1bf7e7555
2025-05-29T11:00:00+00:00	4a552d4c-48a7-464f-963b-2748564e9833
2025-05-29T12:00:00+00:00	6f8b700e-e2c8-4638-968e-8d9f869fbcad
2025-05-29T13:00:00+00:00	fd2ca831-579b-415c-a154-3b7e206b5e8d
2025-05-29T14:00:00+00:00	6b2cc14c-ede6-414b-a676-f41b4aabb636
2025-05-29T16:00:00+00:00	8be9fb11-1b95-425b-9c5c-aa9bda22608a
2025-05-29T17:00:00+00:00	c4c88f6c-89e6-416e-a141-7f37ee71c48c
2025-05-29T18:00:00+00:00	b80a0eff-f7a3-4012-b818-936d567d4d3e
2025-05-29T19:00:00+00:00	19c2e1a3-ce49-4839-953e-ed3d9feecf5b
2025-05-29T20:00:00+00:00	a98e65ee-3bec-43c0-81d2-e5e473ffb62c
2025-05-29T21:00:00+00:00	54ba9a52-d07d-4c81-befc-193fc73f21fb
2025-05-29T22:00:00+00:00	cbf64c23-54b2-4615-88e3-4b6c5703e75d
2025-05-29T23:00:00+00:00	33d18d74-f847-4351-b6f3-bbb0ca0935d8
2025-05-30T00:00:00+00:00	2812028d-8b8f-44ed-8867-47f395c7daca
2025-05-30T01:00:00+00:00	a397bb0b-a96b-4ca4-8975-59f9ff450677
2025-05-30T02:00:00+00:00	b6fb4c9f-de11-4781-965a-ad0b909ce550
2025-05-30T03:00:00+00:00	3585f6db-1a4f-48d8-9726-1e0921b6b78b
2025-05-30T04:00:00+00:00	65a37447-d7d1-496b-a005-65b5bae180f2
2025-05-30T05:00:00+00:00	9ba83b13-b41b-4304-9a2a-470bddd3a46b
2025-05-30T06:00:00+00:00	81fa382b-472b-4bcb-b4e8-5ad4284d5124
2025-05-30T07:00:00+00:00	c5e8eca8-b34b-4a8a-89a9-af036499fc6d
2025-05-30T08:00:00+00:00	2efd31f9-2ce1-42ec-bd4a-9721816a12e4
2025-05-30T09:00:00+00:00	90d5400b-d34f-487f-8746-aa78fbc37022
2025-05-30T10:00:00+00:00	681dcc8e-8d08-4396-aeea-a0075762b5c5
2025-05-30T11:00:00+00:00	30ef4e06-e05b-4660-bbe2-9fd9a2fbc8e9
2025-05-30T12:00:00+00:00	8a22e4dd-4775-4c14-a7a0-1426079143bc
2025-05-30T13:00:00+00:00	09ce278f-54c2-4eaa-ae44-8609198e49ef
2025-05-30T15:00:00+00:00	82893717-cc4e-48b4-9f6c-447d55c27ff3
2025-05-30T16:00:00+00:00	1ffa26ca-ef21-4091-9765-8a0b0b93eeb8
2025-05-30T17:00:00+00:00	95f7d575-df2f-406c-94d6-36b55e117429
2025-05-31T08:00:00+00:00	6531987f-9df1-402a-9c80-4740c092bb6b
2025-05-31T09:00:00+00:00	9ecd926c-27b9-44c5-9b0c-1a9584f2fb00
2025-05-31T10:00:00+00:00	da3ac7ab-4fe0-4610-a5f8-3432bc0335dd
2025-05-31T11:00:00+00:00	ee5d24d3-78b8-48a4-a70b-fde6b6edcf16
2025-05-31T12:00:00+00:00	f44b66f8-331f-4bce-8924-cee254cd6952
2025-05-31T13:00:00+00:00	b923c1dc-3596-414c-85da-a278f092462d
2025-05-31T14:00:00+00:00	b2f8714c-aee9-4096-bb22-1eb9f2b2e9e2
2025-05-31T15:00:00+00:00	f869e870-6a51-45af-b872-1299dc1dbc9e
2025-05-31T16:00:00+00:00	7c5fd332-b595-4a28-895d-64ac75b5fe8e
2025-05-31T17:00:00+00:00	05e04444-1926-4e9a-86b8-6f3ec6181302
2025-05-31T18:00:00+00:00	476a097c-6f47-42a4-9895-d7a85c7be1c7
2025-05-31T19:00:00+00:00	9b29526e-4a06-4022-a4e2-08a3f2d9f5f2
2025-05-31T20:00:00+00:00	a4a0cf78-c43c-48ff-9511-c54c5f6f7e2e
2025-05-31T21:00:00+00:00	a89bb2c7-e366-440d-a381-9d986484a62d
2025-05-31T22:00:00+00:00	8b7fdf2e-b7ea-494f-aab8-93c14ba98fcc
2025-05-31T23:00:00+00:00	66604487-9302-4829-ba98-7be292dcabeb
2025-06-01T00:00:00+00:00	b49ddde5-fb44-4a3b-a4ea-a8246007f4d5
2025-06-01T01:00:00+00:00	fd8f5f02-5d45-412a-aaa7-aaad23ca89ad
2025-06-01T02:00:00+00:00	89692b8e-022f-4a38-818a-9e36bf6edff3
2025-06-01T03:00:00+00:00	3cd9898f-d277-4c31-a6e1-3e3eaea57e4b
2025-06-01T04:00:00+00:00	04d8a24c-7992-4d48-88b9-ccaa1eeaf52b
2025-06-01T05:00:00+00:00	b9a44bd9-ce16-4a53-aecb-287ef5e0e831
2025-06-01T06:00:00+00:00	624cf4cd-d87f-4303-97a8-1409db45f5e9
2025-06-01T07:00:00+00:00	e2df5185-a69e-448d-8e84-2dc4ee309868
2025-06-01T10:00:00+00:00	35a18887-bc86-48cf-90a3-63e8a54315e7
2025-06-01T11:00:00+00:00	6fb6f62e-df92-471f-84fd-ab0c92295f63
2025-06-01T12:00:00+00:00	b3cd9be7-8bf2-4fb6-a1bb-d49967a6d31b
2025-06-01T13:00:00+00:00	04010c3d-c0d1-40b2-8781-8255b4e8c72c
2025-06-01T14:00:00+00:00	863679e7-173b-4ec1-b09f-3f00c86ce671
2025-06-01T15:00:00+00:00	91c69eb8-1c1d-4dff-b561-24e14e8338e1
2025-06-01T16:00:00+00:00	43916ca9-f6f0-49c4-8cb8-b1d4f20e3ca0
2025-06-01T22:00:00+00:00	1c265ccc-631e-423e-989e-f5dea0d8cd8d
2025-06-01T23:00:00+00:00	ded633d1-6d11-4525-8eb5-cd7db57ddcba
2025-06-02T00:00:00+00:00	9f4e9b84-1ef3-4dc5-a872-c42b60ea1896
2025-06-02T01:00:00+00:00	3d0a1de2-e946-4bc7-9b22-8c87d3d7b0b7
2025-06-02T02:00:00+00:00	c4e11943-17f4-4cf1-a86b-e921b5015d60
2025-06-02T03:00:00+00:00	c3ecb9d6-9571-4a08-9233-7114ddc71e2e
2025-06-02T04:00:00+00:00	801e99ca-8089-49a7-9c82-e806a372a689
2025-06-02T07:00:00+00:00	ef0e0ae3-43f3-4d1b-94b7-874b6ff1c8bb
2025-06-02T08:00:00+00:00	92631c12-79a3-4507-ac7c-c82cd9b2faec
2025-06-02T09:00:00+00:00	1ebe91c2-d008-43d5-9fe4-886099bbc2b8
2025-06-02T10:00:00+00:00	0207b534-2234-43d0-a262-23017a2d3dcc
2025-06-02T11:00:00+00:00	17f0f1bd-3faa-4bd0-8c63-0dcd87b5a6db
2025-06-02T12:00:00+00:00	4c8b8040-9c86-4745-bca2-25508a7955c9
2025-06-02T13:00:00+00:00	db442fa5-0440-4084-96e5-57bf32822b39
2025-06-02T14:00:00+00:00	daa105c2-0e24-4d62-aa4a-07e79acf8144
2025-06-02T15:00:00+00:00	747e8bb1-4a90-474e-a1ad-6074933af715
2025-06-02T16:00:00+00:00	34684470-3f93-49f2-8c33-e626dec6a729
2025-06-02T17:00:00+00:00	d29c1d46-6e62-4d48-b8f3-da89b45dd6a2
2025-06-02T18:00:00+00:00	1993087e-5df6-4402-a8b1-a9d58dc0d5cb
2025-06-02T19:00:00+00:00	b6e1c3e8-5dcd-4b3a-b768-e650d2502ff5
2025-06-02T20:00:00+00:00	becc1e03-936d-4f63-9637-d97bd1287e29
2025-06-02T21:00:00+00:00	0068efd8-a4f9-4ab9-a998-a2cc9d3b2e29
2025-06-02T22:00:00+00:00	552e1287-e012-41b9-9a08-2a01b403197a
2025-06-02T23:00:00+00:00	9a35b8b7-813c-49f3-8f8b-0d3b664b1f7f
2025-06-03T00:00:00+00:00	6b5b99b5-b447-478a-aa4e-dda9f3641f5a
2025-06-03T01:00:00+00:00	26e84158-360e-4083-9c1c-55b650623a51
2025-06-03T03:00:00+00:00	e472aac3-d291-4baf-bc52-bf8c4d22400f
2025-06-03T04:00:00+00:00	6f79d80c-647f-42e6-9a02-b59b652d3159
2025-06-03T05:00:00+00:00	2f04bd23-b91c-4404-816d-ad519dd76fed
2025-06-03T06:00:00+00:00	242b8a85-a0c5-4677-8a1d-9094670f203e
2025-06-03T07:00:00+00:00	9d706963-0142-4436-a447-56e219fe04bf
2025-06-03T08:00:00+00:00	c512c971-6ffd-43d8-925c-1478d29685cc
2025-06-03T09:00:00+00:00	c61b903d-10a9-4b19-b8b9-ce44be45aae3
2025-06-03T10:00:00+00:00	a7ae7a8c-9b09-464f-ae61-d0a4f3841ffd
2025-06-03T11:00:00+00:00	6048140c-6c54-4f3b-9233-3849e2593048
2025-06-03T12:00:00+00:00	613ab0da-a7a6-48e8-80ec-43cf65294e75
2025-06-03T13:00:00+00:00	ebf6173b-6ec3-4ff3-ae0c-72381287c4e6
2025-06-03T14:00:00+00:00	090a8982-6209-49d1-9726-98cc49c6f8ec
2025-06-03T15:00:00+00:00	1e264039-ff0a-4650-a6e9-4053f088c7e2
2025-06-04T00:00:00+00:00	6e80c097-c81d-4f37-aa5d-a805b4b0602a
2025-06-04T01:00:00+00:00	48bc6040-db91-4b90-8dc4-62802839a207
2025-06-04T02:00:00+00:00	5329a155-88ce-4837-aabd-9f002aab8bd0
2025-06-04T03:00:00+00:00	c4ecdd41-0ce4-479d-8b9e-1fdd1c92fc9e
2025-06-04T04:00:00+00:00	36d49005-8afc-41d4-9c09-f2c00fcdc79a
2025-06-04T05:00:00+00:00	1e609928-f5ca-4d63-b680-fb402637844c
2025-06-04T06:00:00+00:00	c1c29ff4-430f-4afe-b9ef-204e23354a46
2025-06-04T07:00:00+00:00	7f46de4a-256c-497a-afb5-a894219d619f
2025-06-04T08:00:00+00:00	f5d20181-11d5-46bd-b77d-8089b98283f4
2025-06-04T09:00:00+00:00	67e468e6-4686-4db4-b757-b8cab8534b15
2025-06-04T10:00:00+00:00	dc046c77-24e0-4462-b42a-989bccf9195d
2025-06-04T11:00:00+00:00	99ba064a-1181-48a9-bd34-dc18e134fa96
2025-06-04T16:00:00+00:00	018a328f-f0f5-4e18-abb0-c67532d70f21
2025-06-04T17:00:00+00:00	768cf450-52d8-4c31-b41a-9085966c1f96
2025-06-04T18:00:00+00:00	b0a97f6d-8e17-46bc-8b5c-256bf22f8760
2025-06-04T19:00:00+00:00	bce367af-9924-4eee-bf3c-189dc4e733de
2025-06-04T20:00:00+00:00	3820b828-d25b-4d1a-a003-7342908c5820
2025-06-04T21:00:00+00:00	584eadc3-a504-40ac-878e-f2ab2a8f869f
2025-06-04T22:00:00+00:00	1ae8bb67-437f-45b0-b7f3-fcf99aae5f6a
2025-06-04T23:00:00+00:00	ae4e0647-6050-4a3c-b016-2d49a60f677f
2025-06-05T00:00:00+00:00	d65dda91-345c-4249-b230-f7b73c01c227
2025-06-05T01:00:00+00:00	e9586bdf-1755-45e3-9a1b-90257f44358f
2025-06-05T02:00:00+00:00	3af01491-99d3-4e7a-a033-bbb093a2e7f0
2025-06-05T03:00:00+00:00	532d54df-c951-4ddc-afaa-ad100b89dca0
2025-06-05T04:00:00+00:00	79bd311b-3b0d-4d29-a48b-a2cec4a5f690
2025-06-05T05:00:00+00:00	36b9352c-f959-4dd3-81de-5db2936c59b3
2025-06-05T06:00:00+00:00	fc580647-9162-45e0-aa4a-aa7f07ca4cbd
2025-06-05T07:00:00+00:00	f7f4c81d-4b30-43ba-92a1-0ceac52c8968
2025-06-05T08:00:00+00:00	3a98ba0e-32d9-4f53-9a58-f6a403c5af08
2025-06-05T09:00:00+00:00	f6e0ec59-de5a-4361-b829-3099535b403c
2025-06-05T10:00:00+00:00	7f74829a-f029-4e09-9c71-52f4e9ca6333
2025-06-05T11:00:00+00:00	ab1c8dae-82b8-4992-9aab-8a319fe89e34
2025-06-05T12:00:00+00:00	51477fa9-35b2-40f9-9c66-ea1e106e7444
2025-06-05T13:00:00+00:00	e07f8ea6-b63d-4db1-8f0d-4fc06c425447
2025-06-05T14:00:00+00:00	ea38cccc-28f3-4c3c-868e-02aa99f256c2
2025-06-05T15:00:00+00:00	82e28263-fb2d-419b-b2c6-dce5ea727354
2025-06-05T16:00:00+00:00	4cf9e481-3aa3-4aab-b24c-8d631925c09e
2025-06-05T17:00:00+00:00	50d35554-4123-41c4-a88d-727070b54a49
2025-06-05T18:00:00+00:00	122132a7-6a65-42f9-8f43-56bfda09a5ce
2025-06-05T19:00:00+00:00	2d26b80c-41a1-45b1-9d72-ac9a4f22c604
2025-06-05T20:00:00+00:00	d8c2b5d9-130a-4aee-9ae8-65d467df6213
2025-06-05T21:00:00+00:00	5692b592-efb9-4b9d-96d7-d2c4fd625a74
2025-06-05T22:00:00+00:00	20c02e89-ad31-4d26-bab5-d4fe06faad95
2025-06-05T23:00:00+00:00	0baf98e7-1517-45be-95bd-93bf865226a8
2025-06-06T00:00:00+00:00	72934df3-2018-4ee1-b44f-f78f3bbe5a97
2025-06-06T01:00:00+00:00	eb95de2b-03a7-4d43-b741-d594ea63913d
2025-06-06T03:00:00+00:00	9f29ad85-4b2e-4c27-9216-8718e6a8eb7e
2025-06-06T04:00:00+00:00	53a839d0-a8c0-4359-8ecd-664856564ddf
2025-06-06T05:00:00+00:00	668be734-c16c-4f61-aeb7-4659546d2880
2025-06-06T06:00:00+00:00	fb4c5128-2863-4859-bf24-cff74e294a22
2025-06-06T07:00:00+00:00	91cb3b44-a4b5-43cb-9d5a-b8f9c4269eef
2025-06-06T08:00:00+00:00	30dcac52-b3c7-48c1-b1c2-a23b1c2cea5b
2025-06-06T09:00:00+00:00	5466fb7c-76c8-47d5-b47f-b6496e7c9da2
2025-06-06T10:00:00+00:00	b7366b46-0047-4bf2-b92e-f5116b170ed4
2025-06-06T11:00:00+00:00	4bc7cdbe-5e93-414c-8b96-333cbd2186a3
2025-06-06T12:00:00+00:00	5bbddc59-7495-4ad7-b3e6-058083785a5a
2025-06-06T13:00:00+00:00	c17b7969-20bd-4e59-bdf0-feae11e2df30
2025-06-06T14:00:00+00:00	721d37fb-9911-49ac-ad1c-87951707c8db
2025-06-06T15:00:00+00:00	4f84dca1-b553-4742-aa5e-9c40088f629d
2025-06-06T16:00:00+00:00	252c81b1-b548-4972-9648-9fd8351af09f
2025-06-06T17:00:00+00:00	770d4c52-8d99-4648-b8d5-375659437043
2025-06-06T18:00:00+00:00	4ae5a9a7-a9b0-443d-bec8-c96c44894d62
2025-06-06T19:00:00+00:00	d03560b0-adc1-4837-8ea8-ecfcc7afab32
2025-06-06T20:00:00+00:00	e82558ae-3cd2-4173-8615-7dd03ab2ccee
2025-06-06T21:00:00+00:00	ab98e296-f132-4722-b6c1-ae59a66cbdda
2025-06-06T22:00:00+00:00	437a456d-d18a-49f5-8bc2-641d7bf4eb06
2025-06-06T23:00:00+00:00	070b1eaf-4349-4c37-b40f-2d84dc07737f
2025-06-07T00:00:00+00:00	64349a88-b09a-4942-98b4-3016580104ee
2025-06-07T01:00:00+00:00	690f3b07-b63f-4647-94df-e94ae6350daf
2025-06-07T02:00:00+00:00	5e723a98-ebb5-4863-80fe-ea847a5926c6
2025-06-07T03:00:00+00:00	beba84a3-a961-4cc6-a22c-cd92ee40f60a
2025-06-07T04:00:00+00:00	5c59d9e5-0ed6-4907-a99b-3dbe02d2d298
2025-06-07T05:00:00+00:00	5bc6a9cd-6387-4848-ade7-c9a6e29e4485
2025-06-07T06:00:00+00:00	8f6befa2-af9c-4353-99c7-3c1c5db016b5
2025-06-07T07:00:00+00:00	ffb07e1d-8521-424d-86ba-9635f2d052a0
2025-06-07T08:00:00+00:00	891b897b-3de2-496e-adb9-ce1624e8243d
2025-06-07T09:00:00+00:00	0b65799f-6271-47dd-bae2-e1b283874088
2025-06-07T10:00:00+00:00	97224814-73fb-4a92-809b-9a4b383820ed
2025-06-07T11:00:00+00:00	b5d91014-fe18-4498-9b11-30013ed50c53
2025-06-07T12:00:00+00:00	bfd5f665-bb16-4b5d-9f20-8ea06b29e705
2025-06-07T13:00:00+00:00	2129648c-0536-4e90-bb94-88a219b18f6a
2025-06-07T14:00:00+00:00	479f1bd6-3859-4bfc-8cbf-43437ccac1d8
2025-06-07T15:00:00+00:00	f4f85469-fedd-479f-8a89-5e6f9dcdb510
2025-06-07T16:00:00+00:00	1100ba5c-d3e7-45e1-89bb-170063d33125
2025-06-07T17:00:00+00:00	e13de3fc-8a75-4740-91c8-80f484366f2d
2025-06-07T18:00:00+00:00	4d8c5f03-e79b-45e0-b22d-43a8f272c4aa
2025-06-07T19:00:00+00:00	163a2eb3-fd5d-4ec1-b7e1-85a4384b2c15
2025-06-07T20:00:00+00:00	55e13ae3-be05-4cc2-ba91-c40ca3c97a52
2025-06-07T21:00:00+00:00	c7b1a75d-43ac-4966-a28d-071ecfb47729
2025-06-07T22:00:00+00:00	82837390-4116-4adb-904c-02bd049f1238
2025-06-07T23:00:00+00:00	548f697c-95ac-4ac3-b718-ec64ec688efc
2025-06-08T00:00:00+00:00	4b9b967f-e0f7-457c-bc55-65121808746b
2025-06-08T01:00:00+00:00	8a99f782-f5e3-4081-9282-43706f571ab8
2025-06-08T02:00:00+00:00	04b2b3c5-c9de-40c9-a415-26960394e080
2025-06-08T03:00:00+00:00	c4f81924-7e59-495a-bf97-351d6cb95f26
2025-06-08T04:00:00+00:00	0cf6f4e7-8d4a-475e-800c-f83d47ba17d2
2025-06-08T05:00:00+00:00	dc539c07-a42e-4c2c-871d-b5191ff8d0de
2025-06-08T06:00:00+00:00	d47d40c2-8f29-4353-9e38-79e46917ef49
2025-06-08T07:00:00+00:00	a3816c84-0843-4ce6-8ad0-82aa10c61d54
2025-06-08T08:00:00+00:00	f40f9c6e-b7af-48fa-aa91-e1a828856628
2025-06-08T09:00:00+00:00	1b1f765e-6ce4-4687-822a-0fce3fc70f94
2025-06-08T10:00:00+00:00	101b2971-9da1-47b9-8cc8-6bf8b171f84b
2025-06-08T11:00:00+00:00	49d3f1df-6126-4321-8f5b-ec99828a9df8
2025-06-08T12:00:00+00:00	336c66da-86c2-4670-808c-1b9c5ce4cf12
2025-06-08T13:00:00+00:00	50801db9-b4b2-445d-b3fa-f44c70952ad0
2025-06-08T14:00:00+00:00	7d829815-b319-4bc1-9408-b2f0eb3ea863
2025-06-08T15:00:00+00:00	69a2c738-d7a5-48e0-af1a-786a57364415
2025-06-08T16:00:00+00:00	3cac4fe0-6eb6-4481-a86b-8548421e30c1
2025-06-08T17:00:00+00:00	03fde1b8-c6f2-4cca-9e1d-0210b79cc731
2025-06-08T18:00:00+00:00	359ad6db-6213-42c0-931b-1386997ba78d
2025-06-08T19:00:00+00:00	1f3acd47-c984-4446-a144-c0a6ce3f7e57
2025-06-08T20:00:00+00:00	1e3e6719-004b-46fe-967f-e8703f4e3074
2025-06-08T21:00:00+00:00	39232046-2a06-4f2c-9428-31b0d98cdf1e
2025-06-08T22:00:00+00:00	91579168-55c6-4171-82d5-e2d08259caa5
2025-06-08T23:00:00+00:00	4f7a976b-91e4-4995-9689-59e5f0e98931
2025-06-09T00:00:00+00:00	81a6c8c7-e5f3-461e-89fe-710d6859fed4
2025-06-09T01:00:00+00:00	713e4711-8064-40d5-8e42-3ba20daed165
2025-06-09T02:00:00+00:00	981f1d68-17b3-4d9d-84ec-d086bc83df80
2025-06-09T03:00:00+00:00	ed627151-3dc6-46e5-8e7e-11012b968e26
2025-06-09T04:00:00+00:00	711f0ee3-d2ec-414e-9801-15495791de4c
2025-06-09T05:00:00+00:00	36a2e19b-6f37-4039-84b9-22b792c837f5
2025-06-09T06:00:00+00:00	14fbe316-73ac-4580-ab4b-9615c993d670
2025-06-09T07:00:00+00:00	38f6c727-0e03-4a90-9140-64f9477df888
2025-06-09T08:00:00+00:00	171f4fd6-b0f7-4e52-bea2-fc5d1884991c
2025-06-09T09:00:00+00:00	8e88f608-b1ac-42e2-b94c-740ee2eb50c4
2025-06-09T10:00:00+00:00	59ea7318-3193-424f-bc8a-588b7a948623
2025-06-09T11:00:00+00:00	9876576e-df70-42fb-a336-524e00e1e23c
2025-06-09T12:00:00+00:00	62989fbf-65fe-4e06-88f8-288ff690c079
2025-06-09T13:00:00+00:00	d67a5bf6-2d45-472f-b5d1-1f05c84361c4
2025-06-09T14:00:00+00:00	45088c42-b4e2-43b9-86ac-a7c13fe5b613
2025-06-09T15:00:00+00:00	5e7acfee-e114-40ec-b471-4c5a1422bcd8
2025-06-09T16:00:00+00:00	0667d4d1-aa3d-407a-9398-44b236d98f67
2025-06-09T17:00:00+00:00	b17336ad-932d-41e9-b5a7-a5c1d915c82f
2025-06-09T18:00:00+00:00	b6121ffe-f912-49ba-ba60-1c2c84ae1067
2025-06-09T19:00:00+00:00	8d8df06c-a87d-4026-93e6-68e75ab0d922
2025-06-09T20:00:00+00:00	b006761a-2089-40e6-9659-2d6877e9c6f5
2025-06-09T21:00:00+00:00	207e99b7-aa00-483c-8df2-a0e76b553a0c
2025-06-09T22:00:00+00:00	9767b754-09ea-48b4-b849-fc914f9ee1e9
2025-06-09T23:00:00+00:00	7df53496-3faa-4d5c-831c-603079078560
2025-06-10T00:00:00+00:00	2e2dd5c8-35fa-4453-87f1-36f05ae2eeca
2025-06-10T01:00:00+00:00	c0ea8a37-fa08-4ae8-afd7-a5c8d89da7ab
2025-06-10T02:00:00+00:00	4cce4655-c8e7-4826-be7b-99c7f8e5b25c
2025-06-10T03:00:00+00:00	579dd9eb-c32b-4738-896a-51a0332ee0f2
2025-06-10T04:00:00+00:00	c7ec8026-5d31-4f14-a6cf-715f80f1dfbf
2025-06-10T05:00:00+00:00	93ca047f-bbc4-4db9-a6f8-956bd71b8bc6
2025-06-10T06:00:00+00:00	35402eed-8090-4473-b1ce-81914fc9954c
2025-06-10T07:00:00+00:00	42e6f623-3d1c-4d6e-b7bb-7d8381e6c124
2025-06-10T08:00:00+00:00	495d1da6-19a0-4014-b466-68732bbb935b
2025-06-10T09:00:00+00:00	4a37e931-21c4-4e21-95f0-9d95c66dec38
2025-06-10T10:00:00+00:00	60a2034d-06ac-4484-ac48-16a89548ada1
2025-06-10T11:00:00+00:00	e4e67507-16aa-42ca-bdd0-e195913b780b
2025-06-10T12:00:00+00:00	617df7bb-2c67-4395-b892-b074c1fc508e
2025-06-10T13:00:00+00:00	8987432f-9da4-41ed-b3af-ba6628e8d3cc
2025-06-10T14:00:00+00:00	c6830a77-11f6-4299-ac45-dde7ff0e9aac
2025-06-10T15:00:00+00:00	631aadf6-eb10-406a-804c-17c58be5c777
2025-06-10T16:00:00+00:00	4547bb34-91a6-49f4-9b23-22d01ff17d67
2025-06-10T17:00:00+00:00	70573b0d-9e5c-4773-923e-f4abb084567c
2025-06-10T18:00:00+00:00	e2d9fc20-f0ae-404c-9476-07068efadc8e
2025-06-10T19:00:00+00:00	bb46e252-dd40-40a0-89db-6a41ac421a80
2025-06-10T20:00:00+00:00	de8443fa-5e5e-4384-914c-35c1154aecb7
2025-06-10T21:00:00+00:00	e28e7ec8-9b57-4768-8b7c-853ff1e817c9
2025-06-10T22:00:00+00:00	1bdff431-877c-4e7f-aecd-491b41f7704a
2025-06-10T23:00:00+00:00	1f1c778a-b7ad-44f6-9639-38342ec87c9e
2025-06-11T00:00:00+00:00	a587cf4a-a21a-432a-a6c5-6e129e3c5a9d
2025-06-11T01:00:00+00:00	6062f47f-bbc5-4bfb-aa77-ac694ef0f6bb
2025-06-11T02:00:00+00:00	61111cfc-5164-4fef-9ecb-1590e35a1d68
2025-06-11T03:00:00+00:00	85ef6245-ee83-4f03-8762-4b5fe104e4ea
2025-06-11T04:00:00+00:00	487fbe78-bb32-485a-9290-b918eb8cb2b4
2025-06-11T05:00:00+00:00	3c96b5ca-086a-4e66-a98f-d8792a34ea4b
2025-06-11T06:00:00+00:00	33007203-a4b2-4f2a-af7c-bad925f671c3
2025-06-11T07:00:00+00:00	b804f6a6-de27-4470-a024-3d0b8ecd241e
2025-06-11T08:00:00+00:00	ac119b67-57c7-4425-b393-e817bad56daa
2025-06-11T09:00:00+00:00	c4d5734d-1a36-4a3a-9fa6-b01b0dd49c64
2025-06-11T10:00:00+00:00	5d09cb8a-a194-4b07-9ec8-474761a00041
2025-06-11T11:00:00+00:00	9bdbd63d-14a9-46c8-968f-78c70a362299
2025-06-11T12:00:00+00:00	db448a97-c37c-46c5-998f-514ba6332622
2025-06-11T13:00:00+00:00	561171cd-761c-4efd-bea4-e2cf7d3b1425
2025-06-11T14:00:00+00:00	7827e965-47bc-4cb7-9190-b94bcaeda8fe
2025-06-11T15:00:00+00:00	1e74faf4-3817-43e4-9279-88cbfe011046
2025-06-11T16:00:00+00:00	753c3374-9fcb-44fc-8839-cc117c6e6194
2025-06-11T17:00:00+00:00	9c0eb6bd-3f4b-47a5-b49b-017a3b0796cf
2025-06-11T18:00:00+00:00	91d215f9-3eb0-4f82-80ec-4842dffcf042
2025-06-11T19:00:00+00:00	ed4c905e-0c26-4f4e-a989-62581952f6df
2025-06-11T20:00:00+00:00	d4d5ba7e-038f-45b2-9848-b7657ae34d94
2025-06-11T21:00:00+00:00	a9320780-7cec-47ba-9661-18ccb28fddbe
2025-06-11T22:00:00+00:00	2156f5a3-3aa1-4181-85a8-6361d3fb971c
2025-06-11T23:00:00+00:00	20d40e7f-9b50-4974-84f7-34335bba62e7
2025-06-12T00:00:00+00:00	922a9654-2334-4494-8e6b-75140b9ad8e9
2025-06-12T01:00:00+00:00	3e09b762-e2f4-4e9c-9f70-5c7688a8f1ad
2025-06-12T02:00:00+00:00	2fa9cfee-1845-4542-aba4-0ecf915f2617
2025-06-12T03:00:00+00:00	6ac4585a-8a5a-4f31-95e6-f2b7d0e92128
2025-06-12T04:00:00+00:00	ad678803-fd2a-4b0d-9074-4ad2deb6b29d
2025-06-12T05:00:00+00:00	5966dc83-2cb8-4694-9ba4-ee36999a7cf5
2025-06-12T06:00:00+00:00	48c2c12a-f52a-457a-a89b-c827de3e6ef0
2025-06-12T07:00:00+00:00	4d3b2b1f-6616-4c8b-8b1b-cc6aeac66696
2025-06-12T08:00:00+00:00	2c5b8fa6-5525-4888-81b1-bfedced042bc
2025-06-12T09:00:00+00:00	3627fc80-c9e8-45a3-8a48-1dedbb4aba06
2025-06-12T10:00:00+00:00	be1ce3df-c827-4fb1-8973-1b4ca460b6c0
2025-06-12T11:00:00+00:00	fda19b92-ef5c-4d86-af3b-34dec9773310
2025-06-12T12:00:00+00:00	97132d1d-ab48-45b3-a08d-42502cbd43d5
2025-06-12T13:00:00+00:00	3f9513c8-8e52-4006-8222-620dec127216
2025-06-12T14:00:00+00:00	46073dd9-50f0-48a4-befe-1bba676ed261
2025-06-12T15:00:00+00:00	6931197e-0b33-48f8-bea8-42199ac38cc9
2025-06-12T16:00:00+00:00	f6808ed2-3ca2-46e0-9efc-e253b34feb58
2025-06-12T17:00:00+00:00	b6fe1ba6-25dd-4c22-8489-b7eb629a0746
2025-06-12T18:00:00+00:00	76213531-a2c0-49b2-a31d-de378e51bd37
2025-06-12T19:00:00+00:00	c0fb3262-721e-407c-96a9-5076928d3a68
2025-06-12T20:00:00+00:00	05746a63-f846-49fd-a25a-f192582c7865
2025-06-12T21:00:00+00:00	fd92b51b-3dc6-4127-8ee0-f5d63c20c8ea
2025-06-12T22:00:00+00:00	1534e9ab-88cf-4af7-b5db-0fb0cc74e590
2025-06-12T23:00:00+00:00	7f1e0c24-bc6d-463a-9447-973074b57e80
2025-06-13T00:00:00+00:00	8f779c2d-445d-47db-a627-2c5af1c40213
2025-06-13T01:00:00+00:00	67346e17-0c8f-42aa-b49f-a1ccb6373497
2025-06-13T02:00:00+00:00	5edbc505-1a03-4bc6-b4af-5547ed9e6eb8
2025-06-13T03:00:00+00:00	d7ca8317-c912-4ae9-a0e3-0accecdad888
2025-06-13T04:00:00+00:00	9c240493-f40d-4ca0-9367-b0e9a73f4479
2025-06-13T05:00:00+00:00	875075c6-933c-4491-9954-af4bdeb5d1a0
2025-06-13T06:00:00+00:00	e64695a8-0e80-4025-b003-5b4ce7b0da00
2025-06-13T07:00:00+00:00	dcfc6172-b6be-4ec2-8d36-b18b06e20e1f
2025-06-13T08:00:00+00:00	bf5aa3e5-a79d-4cab-b4b2-9b4d9d6d114e
2025-06-13T09:00:00+00:00	7fb4b552-cd04-4d3b-8ee8-7939aa599bf6
2025-06-13T10:00:00+00:00	00e81bf9-73da-4794-b7c7-23eb570995ee
2025-06-13T11:00:00+00:00	39964952-1c40-4b6b-802d-5c2e504ebb18
2025-06-13T12:00:00+00:00	06296063-37a7-4749-866f-799e6a47398f
2025-06-13T13:00:00+00:00	c7f6ddc7-6f62-4c83-b490-3029dacab7f5
2025-06-13T14:00:00+00:00	0e80a77b-7ae0-42c2-9c80-ed77384bd7f7
2025-06-13T15:00:00+00:00	ec55b470-b628-4a29-ab63-111ae87022b3
2025-06-13T16:00:00+00:00	5a36de42-0673-4367-a112-ace0cf19a409
2025-06-13T17:00:00+00:00	cfc0278c-df2a-4aca-b800-611c64a45ccf
2025-06-13T18:00:00+00:00	64f890e5-21b3-4a40-ab28-1c07b6c44213
2025-06-13T19:00:00+00:00	13f0666a-659f-493c-82a0-249fbf846808
2025-06-13T20:00:00+00:00	aa241233-b70b-4e54-a8f8-13b8595cff58
2025-06-13T21:00:00+00:00	025558f5-e703-4306-83c4-1f1aea6e2758
2025-06-13T22:00:00+00:00	49e03a88-45eb-4b93-94a6-2a82498b4664
2025-06-13T23:00:00+00:00	7a2d3b0d-6e2b-4313-aa41-0183d664e53d
2025-06-14T00:00:00+00:00	d4e6ae41-8aa6-4cac-8208-ec5fd67ee38b
2025-06-14T01:00:00+00:00	e32897b5-3142-42ec-8820-1cdfba495129
2025-06-14T02:00:00+00:00	64ee3b52-9b52-420b-9a07-5d796ca36b73
2025-06-14T03:00:00+00:00	f4b326e1-7dd0-487a-a23e-25cd76904609
2025-06-14T05:00:00+00:00	17e51876-d69e-444c-aec8-744a725eb75b
2025-06-14T06:00:00+00:00	3c438165-ee47-49f7-b6a2-fd230fa5b460
2025-06-14T07:00:00+00:00	624d2929-4a5e-4b80-8d64-acafa4b95151
2025-06-14T08:00:00+00:00	792a5254-8278-4c62-9e12-581e852bffff
2025-06-14T09:00:00+00:00	23ae2e48-f90f-4ae0-8504-f8defd2471d1
2025-06-14T10:00:00+00:00	c1836c29-1957-4f45-a444-8e1d2dc7984e
2025-06-14T11:00:00+00:00	6dfe97be-f233-4a4e-962f-9bd6644b3d11
2025-06-14T12:00:00+00:00	11aad4b8-d5a0-457d-bc06-223c88bbff3f
2025-06-14T13:00:00+00:00	52f04207-b6e8-4610-99dd-fd9c0052fcd4
2025-06-14T14:00:00+00:00	f3b852e0-373c-4f53-aa5f-fd706bd307d0
2025-06-14T15:00:00+00:00	fdcf47e7-dbcd-44ef-bb8d-613d45424ff9
2025-06-14T16:00:00+00:00	2ab27f03-2ab5-4ff0-970f-3c35eb911670
2025-06-14T17:00:00+00:00	f6a07efb-6b25-41db-a49c-fc3afff19367
2025-06-14T18:00:00+00:00	47936424-eb8f-4a80-a4be-d0c934eb7976
2025-06-14T19:00:00+00:00	535d54f3-3cee-43c2-b453-b0c76055b0b2
2025-06-14T20:00:00+00:00	1d5bd57c-e5c4-4716-9d9c-96580ca0b57c
2025-06-14T21:00:00+00:00	fafebde8-f7a4-4ae6-a88e-4283d51ae45c
2025-06-14T22:00:00+00:00	118f9d2f-f9e4-49cc-9e51-48af9e600a65
2025-06-14T23:00:00+00:00	0ed20a92-9b7a-4fc0-ac6c-d9eaae86644c
2025-06-15T00:00:00+00:00	0b4fb57a-b986-410e-8255-094c1b43c4cc
2025-06-15T01:00:00+00:00	08d60a07-2bf3-42e8-8c33-1655bba8ff1e
2025-06-15T02:00:00+00:00	c2ac06c2-06f8-485f-aaec-325e7495b68c
2025-06-15T03:00:00+00:00	c8471d40-9abf-45f4-a62c-d361f9f0192b
2025-06-15T04:00:00+00:00	7b335db1-c139-4016-84b6-345e75d58a6a
2025-06-15T05:00:00+00:00	8d4404d0-f55e-40b6-a6e6-15881f038307
2025-06-15T06:00:00+00:00	de56af0c-7d3b-4ccb-8659-ee0755e66ec5
2025-06-15T07:00:00+00:00	3cf10a2c-faa0-42db-98f4-99d15b3283ce
2025-06-15T08:00:00+00:00	552a548d-2aa1-48d0-806c-5ee03b0fe0a4
2025-06-15T09:00:00+00:00	de213f07-79d2-4c23-b890-420966e92c83
2025-06-15T10:00:00+00:00	786f5f14-3661-4f1d-8dad-bbd5588d30da
2025-06-15T11:00:00+00:00	fb8f077d-6bb3-4552-bc46-856d7077abc1
2025-06-15T12:00:00+00:00	be1fdd15-e48a-4097-a01f-3a57f10a6959
2025-06-15T13:00:00+00:00	504aff2f-17e2-445e-a6a4-b4fb89e772e2
2025-06-15T14:00:00+00:00	1207c4b6-cf64-4b96-80b5-ec0300f75e6a
2025-06-15T15:00:00+00:00	1f9ffe41-309c-4273-8f27-bd6eb4798720
2025-06-15T16:00:00+00:00	e7e6f33c-c9f3-4a7b-a0b2-d3d5edcff44d
2025-06-15T17:00:00+00:00	434540cc-1f3e-4537-9461-9d4851076a00
2025-06-15T18:00:00+00:00	73fe3183-7d77-47d6-9399-8b336443a4b8
2025-06-15T19:00:00+00:00	5f737a18-e0dc-4137-8ffd-7d55043f09e5
2025-06-15T20:00:00+00:00	fbf1157c-30b3-404b-871d-6828c39d27d5
2025-06-15T21:00:00+00:00	7862880d-b0bc-4018-a8e0-71d689ba0b8e
2025-06-15T22:00:00+00:00	de164c09-973c-41fd-abb3-fc52511a842d
2025-06-16T08:00:00+00:00	7b64d103-410c-48d7-9227-73e1197e153b
